Company name,Website
Netizens,https://www.netizens.pl
Altkom Software& Consulting,https://www.altkomsoftware.com
SoftKraft,https://www.softkraft.co/python-development-company/
Euvic,https://www.euvic.com
LaSoft,https://lasoft.org
Pattern Match,https://www.pattern-match.com
CodeWave,https://codewave.eu
appwise software house,https://appwise.pl
Vavatech,https://vavatech.eu
Digica,https://www.digica.com
Owls Department,https://www.owlsdepartment.com
Brave New,https://bravenew.agency
Forbytes,https://forbytes.com
MobiDev,https://mobidev.biz
Solidstudio Software House,https://solidstudio.io
Solvd Inc.,https://www.solvd.com
GOGOmedia,https://gogomedia.pl
Giraffe Studio,https://giraffestudioapps.com
INNOKREA,https://www.innokrea.com
Hatimeria,https://www.hatimeria.com
Software Things,https://softwarethings.pro
HeadChannel,https://headchannel.co.uk
Qarbon IT,https://www.qarbon.it
Scalac,https://scalac.io
Codeshine,https://codeshine.com
Sagiton,https://www.sagiton.pl/pl/
2N IT,https://www.2n.pl
ASPER BROTHERS,https://asperbrothers.com
Startup Development House,https://start-up.house/en/
GP Solutions,https://www.software.travel
Symphony Solutions,https://symphony-solutions.com
Frontkom,https://frontkom.com
nexocode,https://nexocode.com
TH-EY,https://th-ey.com
Webini,https://webini.co
Future Mind,https://www.futuremind.com
AMC TECH,https://amctech.pl
Vazco,https://www.vazco.eu
LeanCode,https://leancode.co
Evojam,https://evojam.com
Zaven,https://zaven.co
Exaco,https://exaco.pl
Code & Pepper,https://codeandpepper.com
DevBrother,https://devbrother.com
SolveIt,https://solveit.dev
Mits,https://mits.pl/en/
FINGO Software House,https://www.fingo.pl
RTE,https://rte.global
Yameo,http://www.yameo.eu
NubiSoft,https://nubisoft.io
Svitla Systems,https://svitla.com
Freeport Metrics,https://www.freeportmetrics.com
SPEEDNET,https://speednet.pl
TEONITE,https://teonite.com
Makimo,https://makimo.pl
G-Group.dev,https://www.g-group.dev
mDevelopers,https://mdevelopers.com
B-MIND Software House,https://b-mind.co
N7 Mobile,https://n7mobile.com/pl
Ulam Labs,https://www.ulam.io
bPol (Primotly),https://bpol.net
ICEO - Venture Builder,https://iceo.co/pl
Devox Software,https://devoxsoftware.com/?utm_source=clutch.co&utm_medium=referral&utm_campaign=directory
Clurgo,https://clurgo.com/pl/
Agiliway,https://agiliway.com
ITechArt Group,https://www.itechart.com
DICEUS,https://diceus.com
Itexus,https://itexus.com
Uptech,https://www.uptech.team
N-iX,https://www.n-ix.com/team-extension/
eTeam,https://www.eteam.io
Adexin,https://adexin.com
CSHARK,https://cshark.com